יחידת מידה,תוצאה,בדיקה
CAS #:,CAS #:,CAS #:
CAS #:,CAS #:,CAS #:
CAS #:,CAS #:,CAS #:
CAS #:,CAS #:,CAS #:
CAS #:,CAS #:,CAS #:
CAS #:,CAS #:,CAS #:
CAS #:,CAS #:,CAS #:
CAS #:,CAS #:,CAS #:
CAS #:,CAS #:,CAS #:
CAS #:,CAS #:,CAS #:
CAS #:,CAS #:,CAS #:
CAS #:,CAS #:,CAS #:
CAS #:,CAS #:,CAS #:
CAS #:,CAS #:,CAS #:
CAS #:,CAS #:,CAS #:
CAS #:,CAS #:,CAS #:
CAS #:,CAS #:,CAS #:
CAS #:,CAS #:,CAS #:
CAS #:,CAS #:,CAS #:
CAS #:,CAS #:,CAS #:
CAS #:,CAS #:,CAS #:
CAS #:,CAS #:,CAS #:
CAS #:,CAS #:,CAS #:
CAS #:,CAS #:,CAS #:
CAS #:,CAS #:,CAS #:
In house,In house,In house
procedure;Based on:,procedure;Based on:,procedure;Based on:
SM 2540C,SM 2540C,SM 2540C
SM 2540C,SM 2540C,SM 2540C
SM 2540E,SM 2540E,SM 2540E
SM 4500 NorgB,SM 4500 NorgB,SM 4500 NorgB
SM 5310B,SM 5310B,SM 5310B
SM 2540D,SM 2540D,SM 2540D
